<assembly xmlns="http://maven.apache.org/plugins/maven-assembly-plugin/assembly/1.1.0"
          xmlns:xsi="http://www.w3.org/2001/XMLSchema-instance"
          xsi:schemaLocation="http://maven.apache.org/plugins/maven-assembly-plugin/assembly/1.1.0 http://maven.apache.org/xsd/assembly-1.1.0.xsd">

    <id>src</id>

    <formats>
        <format>zip</format>
        <format>tar.gz</format>
    </formats>

    <includeBaseDirectory>false</includeBaseDirectory>

    <fileSets>
        <fileSet>
            <directory>.</directory>
            <includes>
                <include>src/**</include>
                <include>pom.xml</include>
                <include>bank_worktest.pdf</include>
                <include>building.txt</include>
                <include>solution.txt</include>
                <include>solution.pdf</include>
                <include>dbScripts/**</include>
            </includes>
        </fileSet>
    </fileSets>
</assembly>
